lampiran,page_approx,kode,mapel
LAMPIRAN I,7,I,CAPAIAN PEMBELAJARAN PAUD
LAMPIRAN II,23,I.1,CAPAIAN PEMBELAJARAN PENDIDIKAN AGAMA ISLAM DAN BUDI
LAMPIRAN II,30,I.2,CAPAIAN PEMBELAJARAN PENDIDIKAN AGAMA KRISTEN DAN
LAMPIRAN II,43,I.3,CAPAIAN PEMBELAJARAN PENDIDIKAN AGAMA KATOLIK DAN BUDI
LAMPIRAN II,52,I.4,CAPAIAN PEMBELAJARAN PENDIDIKAN AGAMA HINDU DAN BUDI
LAMPIRAN II,59,I.5,CAPAIAN PEMBELAJARAN PENDIDIKAN AGAMA BUDDHA DAN
LAMPIRAN II,67,I.6,CAPAIAN PEMBELAJARAN PENDIDIKAN AGAMA KHONGHUCU DAN
LAMPIRAN II,88,III.1,CAPAIAN PEMBELAJARAN BAHASA INDONESIA
LAMPIRAN II,100,III.2,CAPAIAN PEMBELAJARAN BAHASA INDONESIA TINGKAT LANJUT
LAMPIRAN II,106,IV.1,CAPAIAN PEMBELAJARAN MATEMATIKA
LAMPIRAN II,120,IV.2,CAPAIAN PEMBELAJARAN MATEMATIKA TINGKAT LANJUT
LAMPIRAN II,126,V.1,CAPAIAN PEMBELAJARAN BAHASA INGGRIS
LAMPIRAN II,139,V.2,CAPAIAN PEMBELAJARAN BAHASA INGGRIS TINGKAT LANJUT
LAMPIRAN II,146,VI,CAPAIAN PEMBELAJARAN ILMU PENGETAHUAN ALAM DAN SOSIAL
LAMPIRAN II,153,VII,CAPAIAN PEMBELAJARAN ILMU PENGETAHUAN ALAM (IPA)
LAMPIRAN II,160,VIII,CAPAIAN PEMBELAJARAN FISIKA
LAMPIRAN II,166,IX,CAPAIAN PEMBELAJARAN KIMIA
LAMPIRAN II,172,X,CAPAIAN PEMBELAJARAN BIOLOGI
LAMPIRAN II,177,XI,CAPAIAN PEMBELAJARAN INFORMATIKA
LAMPIRAN II,186,XII,CAPAIAN PEMBELAJARAN ILMU PENGETAHUAN SOSIAL
LAMPIRAN II,195,XIII.1,CAPAIAN PEMBELAJARAN SEJARAH
LAMPIRAN II,201,XIII.2,CAPAIAN PEMBELAJARAN SEJARAH TINGKAT LANJUT
LAMPIRAN II,207,XIV,CAPAIAN PEMBELAJARAN GEOGRAFI
LAMPIRAN II,214,XV,CAPAIAN PEMBELAJARAN EKONOMI
LAMPIRAN II,220,XVI,CAPAIAN PEMBELAJARAN SOSIOLOGI
LAMPIRAN II,227,XVII,CAPAIAN PEMBELAJARAN ANTROPOLOGI
LAMPIRAN II,234,XVIII.1,CAPAIAN PEMBELAJARAN SENI MUSIK
LAMPIRAN II,243,XVIII.2,CAPAIAN PEMBELAJARAN SENI RUPA
LAMPIRAN II,250,XVIII.3,CAPAIAN PEMBELAJARAN SENI TARI
LAMPIRAN II,260,XVIII.4,CAPAIAN PEMBELAJARAN SENI TEATER
LAMPIRAN II,268,XIX.1,CAPAIAN PEMBELAJARAN PRAKARYA BUDI DAYA
LAMPIRAN II,273,XIX.2,CAPAIAN PEMBELAJARAN PRAKARYA KERAJINAN
LAMPIRAN II,278,XIX.3,CAPAIAN PEMBELAJARAN PRAKARYA PENGOLAHAN
LAMPIRAN II,282,XIX.4,CAPAIAN PEMBELAJARAN PRAKARYA REKAYASA
LAMPIRAN II,287,XX.1,CAPAIAN PEMBELAJARAN PRAKARYA DAN KEWIRAUSAHAAN BUDI
LAMPIRAN II,290,XX.2,CAPAIAN PEMBELAJARAN PRAKARYA DAN KEWIRAUSAHAAN
LAMPIRAN II,295,XX.3,CAPAIAN PEMBELAJARAN PRAKARYA DAN KEWIRAUSAHAAN
LAMPIRAN II,298,XX.4,CAPAIAN PEMBELAJARAN PRAKARYA DAN KEWIRAUSAHAAN
LAMPIRAN II,302,XXI,"CAPAIAN PEMBELAJARAN PENDIDIKAN JASMANI, OLAHRAGA, DAN"
LAMPIRAN II,316,XXII,CAPAIAN PEMBELAJARAN BAHASA ARAB
LAMPIRAN II,319,XXIII,CAPAIAN PEMBELAJARAN BAHASA JEPANG
LAMPIRAN II,322,XXIV,CAPAIAN PEMBELAJARAN BAHASA JERMAN
LAMPIRAN II,327,XXV,CAPAIAN PEMBELAJARAN BAHASA KOREA
LAMPIRAN II,330,XXVI,CAPAIAN PEMBELAJARAN BAHASA MANDARIN
LAMPIRAN II,334,XXVII,CAPAIAN PEMBELAJARAN BAHASA PRANCIS
LAMPIRAN II,338,XXVIII,CAPAIAN PEMBELAJARAN KODING DAN KECERDASAN ARTIFISIAL
LAMPIRAN III,348,II,CAPAIAN PEMBELAJARAN SEJARAH SMK/MAK
LAMPIRAN III,354,III,CAPAIAN PEMBELAJARAN PROJEK ILMU PENGETAHUAN ALAM
LAMPIRAN III,359,IV,CAPAIAN PEMBELAJARAN KODING DAN KECERDASAN ARTIFISIAL
LAMPIRAN III,365,V.1,CAPAIAN PEMBELAJARAN DASAR-DASAR TEKNIK PERAWATAN
LAMPIRAN III,370,V.2,CAPAIAN PEMBELAJARAN DASAR-DASAR KONSTRUKSI DAN
LAMPIRAN III,374,V.3,CAPAIAN PEMBELAJARAN DASAR-DASAR TEKNIK KONSTRUKSI
LAMPIRAN III,379,V.4,CAPAIAN PEMBELAJARAN DASAR-DASAR DESAIN PEMODELAN
LAMPIRAN III,383,V.5,CAPAIAN PEMBELAJARAN DASAR-DASAR TEKNIK FURNITUR
LAMPIRAN III,388,V.6,CAPAIAN PEMBELAJARAN DASAR-DASAR TEKNIK MESIN
LAMPIRAN III,392,V.7,CAPAIAN PEMBELAJARAN DASAR-DASAR TEKNIK OTOMOTIF
LAMPIRAN III,397,V.8,CAPAIAN PEMBELAJARAN DASAR-DASAR TEKNIK PENGELASAN
LAMPIRAN III,402,V.9,CAPAIAN PEMBELAJARAN DASAR-DASAR TEKNIK LOGISTIK
LAMPIRAN III,407,V.10,CAPAIAN PEMBELAJARAN DASAR-DASAR TEKNIK ELEKTRONIKA
LAMPIRAN III,414,V.11,CAPAIAN PEMBELAJARAN DASAR-DASAR TEKNIK PESAWAT
LAMPIRAN III,420,V.12,CAPAIAN PEMBELAJARAN DASAR-DASAR TEKNIK KONSTRUKSI
LAMPIRAN III,423,V.13,CAPAIAN PEMBELAJARAN DASAR-DASAR KIMIA ANALISIS
LAMPIRAN III,426,V.14,CAPAIAN PEMBELAJARAN DASAR-DASAR TEKNIK KIMIA INDUSTRI
LAMPIRAN III,431,V.15,CAPAIAN PEMBELAJARAN DASAR-DASAR TEKNIK TEKSTIL
LAMPIRAN III,437,V.17,CAPAIAN PEMBELAJARAN DASAR-DASAR TEKNIK ENERGI
LAMPIRAN III,441,V.18,CAPAIAN PEMBELAJARAN DASAR-DASAR TEKNIK GEOSPASIAL
LAMPIRAN III,444,V.19,CAPAIAN PEMBELAJARAN DASAR-DASAR TEKNIK GEOLOGI
LAMPIRAN III,449,V.20,CAPAIAN PEMBELAJARAN DASAR-DASAR TEKNIK PERMINYAKAN
LAMPIRAN III,453,V.21,CAPAIAN PEMBELAJARAN DASAR-DASAR PENGEMBANGAN
LAMPIRAN III,458,V.22,CAPAIAN PEMBELAJARAN DASAR-DASAR TEKNIK JARINGAN
LAMPIRAN III,462,V.23,CAPAIAN PEMBELAJARAN DASAR-DASAR LAYANAN KESEHATAN
LAMPIRAN III,468,V.24,CAPAIAN PEMBELAJARAN DASAR-DASAR TEKNIK LABORATORIUM
LAMPIRAN III,471,V.25,CAPAIAN PEMBELAJARAN DASAR-DASAR TEKNOLOGI FARMASI
LAMPIRAN III,475,V.26,CAPAIAN PEMBELAJARAN DASAR-DASAR PEKERJAAN SOSIAL
LAMPIRAN III,478,V.27,CAPAIAN PEMBELAJARAN DASAR-DASAR AGRIBISNIS TANAMAN
LAMPIRAN III,482,V.28,CAPAIAN PEMBELAJARAN DASAR-DASAR AGRIBISNIS TERNAK
LAMPIRAN III,485,V.29,CAPAIAN PEMBELAJARAN DASAR-DASAR AGRIBISNIS PERIKANAN
LAMPIRAN III,492,V.30,CAPAIAN PEMBELAJARAN DASAR-DASAR USAHA PERTANIAN
LAMPIRAN III,497,V.31,CAPAIAN PEMBELAJARAN DASAR-DASAR AGRITEKNOLOGI
LAMPIRAN III,503,V.32,CAPAIAN PEMBELAJARAN DASAR-DASAR KEHUTANAN
LAMPIRAN III,509,V.33,CAPAIAN PEMBELAJARAN DASAR-DASAR TEKNIKA KAPAL
LAMPIRAN III,514,V.34,CAPAIAN PEMBELAJARAN DASAR-DASAR NAUTIKA KAPAL
LAMPIRAN III,519,V.35,CAPAIAN PEMBELAJARAN DASAR-DASAR TEKNIKA KAPAL NIAGA
LAMPIRAN III,523,V.36,CAPAIAN PEMBELAJARAN DASAR-DASAR NAUTIKA KAPAL NIAGA
LAMPIRAN III,528,V.37,CAPAIAN PEMBELAJARAN DASAR-DASAR PEMASARAN
LAMPIRAN III,536,V.39,CAPAIAN PEMBELAJARAN DASAR-DASAR AKUNTANSI DAN
LAMPIRAN III,540,V.40,CAPAIAN PEMBELAJARAN DASAR-DASAR USAHA LAYANAN WISATA
LAMPIRAN III,544,V.41,CAPAIAN PEMBELAJARAN DASAR-DASAR PERHOTELAN
LAMPIRAN III,546,V.42,CAPAIAN PEMBELAJARAN DASAR-DASAR KULINER
LAMPIRAN III,550,V.43,CAPAIAN PEMBELAJARAN DASAR-DASAR KECANTIKAN DAN SPA
LAMPIRAN III,553,V.44,CAPAIAN PEMBELAJARAN DASAR-DASAR SENI RUPA
LAMPIRAN III,558,V.45,CAPAIAN PEMBELAJARAN DASAR-DASAR DESAIN KOMUNIKASI
LAMPIRAN III,562,V.46,CAPAIAN PEMBELAJARAN DASAR-DASAR DESAIN DAN PRODUKSI
LAMPIRAN III,566,V.47,CAPAIAN PEMBELAJARAN DASAR-DASAR SENI PERTUNJUKAN
LAMPIRAN III,570,V.48,CAPAIAN PEMBELAJARAN DASAR-DASAR BROADCASTING DAN
LAMPIRAN III,574,V.49,CAPAIAN PEMBELAJARAN DASAR-DASAR ANIMASI
LAMPIRAN III,582,V.50,CAPAIAN PEMBELAJARAN DASAR-DASAR BUSANA
LAMPIRAN III,587,VI.1,CAPAIAN PEMBELAJARAN TEKNIK PERAWATAN GEDUNG
LAMPIRAN III,591,VI.2,"CAPAIAN PEMBELAJARAN KONSTRUKSI JALAN, IRIGASI, DAN"
LAMPIRAN III,596,VI.3,CAPAIAN PEMBELAJARAN KONSTRUKSI JALAN DAN JEMBATAN
LAMPIRAN III,601,VI.4,CAPAIAN PEMBELAJARAN TEKNIK KONSTRUKSI DAN PERUMAHAN
LAMPIRAN III,604,VI.5,CAPAIAN PEMBELAJARAN KONSTRUKSI GEDUNG DAN SANITASI
LAMPIRAN III,607,VI.6,CAPAIAN PEMBELAJARAN DESAIN PEMODELAN DAN INFORMASI
LAMPIRAN III,611,VI.7,CAPAIAN PEMBELAJARAN DESAIN INTERIOR DAN TEKNIK
LAMPIRAN III,616,VI.8,CAPAIAN PEMBELAJARAN DESAIN DAN TEKNIK FURNITUR
LAMPIRAN III,619,VI.9,CAPAIAN PEMBELAJARAN TEKNIK PEMESINAN
LAMPIRAN III,623,VI.10,CAPAIAN PEMBELAJARAN TEKNIK MEKANIK INDUSTRI
LAMPIRAN III,628,VI.11,CAPAIAN PEMBELAJARAN TEKNIK PENGECORAN LOGAM
LAMPIRAN III,631,VI.12,CAPAIAN PEMBELAJARAN DESAIN GAMBAR MESIN
LAMPIRAN III,635,VI.13,CAPAIAN PEMBELAJARAN TEKNIK PEMESINAN PESAWAT UDARA
LAMPIRAN III,640,VI.14,CAPAIAN PEMBELAJARAN TEKNIK KONSTRUKSI RANGKA
LAMPIRAN III,643,VI.15,CAPAIAN PEMBELAJARAN TEKNIK PEMESINAN KAPAL
LAMPIRAN III,647,VI.16,CAPAIAN PEMBELAJARAN TEKNIK KENDARAAN RINGAN
LAMPIRAN III,652,VI.17,CAPAIAN PEMBELAJARAN TEKNIK SEPEDA MOTOR
LAMPIRAN III,656,VI.18,CAPAIAN PEMBELAJARAN TEKNIK ALAT BERAT
LAMPIRAN III,660,VI.19,CAPAIAN PEMBELAJARAN TEKNIK OTOTRONIK
LAMPIRAN III,665,VI.20,CAPAIAN PEMBELAJARAN TEKNIK BODI KENDARAAN RINGAN
LAMPIRAN III,669,VI.21,CAPAIAN PEMBELAJARAN TEKNIK PENGELASAN
LAMPIRAN III,673,VI.22,CAPAIAN PEMBELAJARAN TEKNIK PENGELASAN KAPAL
LAMPIRAN III,677,VI.23,CAPAIAN PEMBELAJARAN TEKNIK KONSTRUKSI BADAN PESAWAT
LAMPIRAN III,683,VI.24,CAPAIAN PEMBELAJARAN TEKNIK FABRIKASI LOGAM DAN
LAMPIRAN III,689,VI.25,CAPAIAN PEMBELAJARAN TEKNIK PENGENDALIAN PRODUKSI
LAMPIRAN III,693,VI.26,CAPAIAN PEMBELAJARAN TEKNIK LOGISTIK
LAMPIRAN III,696,VI.27,CAPAIAN PEMBELAJARAN TEKNIK AUDIO VIDEO
LAMPIRAN III,701,VI.28,CAPAIAN PEMBELAJARAN TEKNIK MEKATRONIKA
LAMPIRAN III,705,VI.29,CAPAIAN PEMBELAJARAN TEKNIK ELEKTRONIKA INDUSTRI
LAMPIRAN III,708,VI.30,CAPAIAN PEMBELAJARAN TEKNIK OTOMASI INDUSTRI
LAMPIRAN III,711,VI.31,CAPAIAN PEMBELAJARAN TEKNIK ELEKTRONIKA KOMUNIKASI
LAMPIRAN III,717,VI.32,CAPAIAN PEMBELAJARAN TEKNIK INSTRUMENTASI MEDIK
LAMPIRAN III,723,VI.33,CAPAIAN PEMBELAJARAN TEKNIK ELEKTRONIKA PESAWAT UDARA
LAMPIRAN III,727,VI.34,CAPAIAN PEMBELAJARAN INSTRUMENTASI DAN OTOMATISASI
LAMPIRAN III,732,VI.35,CAPAIAN PEMBELAJARAN AIRFRAME POWERPLANT
LAMPIRAN III,740,VI.36,CAPAIAN PEMBELAJARAN ELECTRICAL AVIONIC
LAMPIRAN III,745,VI.37,CAPAIAN PEMBELAJARAN DESAIN RANCANG BANGUN KAPAL
LAMPIRAN III,749,VI.38,CAPAIAN PEMBELAJARAN KONSTRUKSI KAPAL BAJA
LAMPIRAN III,754,VI.39,CAPAIAN PEMBELAJARAN KONSTRUKSI KAPAL NON BAJA
LAMPIRAN III,757,VI.40,CAPAIAN PEMBELAJARAN INTERIOR KAPAL
LAMPIRAN III,763,VI.41,CAPAIAN PEMBELAJARAN KIMIA ANALISIS
LAMPIRAN III,766,VI.42,CAPAIAN PEMBELAJARAN ANALISIS PENGUJIAN LABORATORIUM
LAMPIRAN III,770,VI.43,CAPAIAN PEMBELAJARAN TEKNIK KIMIA INDUSTRI
LAMPIRAN III,775,VI.44,CAPAIAN PEMBELAJARAN KIMIA TEKSTIL
LAMPIRAN III,779,VI.45,CAPAIAN PEMBELAJARAN TEKNIK PEMBUATAN SERAT FILAMEN
LAMPIRAN III,783,VI.46,CAPAIAN PEMBELAJARAN TEKNIK PEMBUATAN BENANG STAPEL
LAMPIRAN III,787,VI.47,CAPAIAN PEMBELAJARAN TEKNIK PEMBUATAN KAIN
LAMPIRAN III,791,VI.48,CAPAIAN PEMBELAJARAN TEKNIK PENYEMPURNAAN TEKSTIL
LAMPIRAN III,795,VI.49,CAPAIAN PEMBELAJARAN TEKNIK INSTALASI TENAGA LISTRIK
LAMPIRAN III,800,VI.50,CAPAIAN PEMBELAJARAN TEKNIK PEMBANGKIT TENAGA LISTRIK
LAMPIRAN III,804,VI.51,CAPAIAN PEMBELAJARAN TEKNIK JARINGAN TENAGA LISTRIK
LAMPIRAN III,809,VI.52,"CAPAIAN PEMBELAJARAN TEKNIK PEMANASAN, TATA UDARA, DAN"
LAMPIRAN III,813,VI.53,CAPAIAN PEMBELAJARAN TEKNIK KELISTRIKAN PESAWAT UDARA
LAMPIRAN III,817,VI.54,CAPAIAN PEMBELAJARAN TEKNIK KELISTRIKAN KAPAL
LAMPIRAN III,822,VI.55,CAPAIAN PEMBELAJARAN TEKNIK ENERGI SURYA HIDRO DAN
LAMPIRAN III,825,VI.56,CAPAIAN PEMBELAJARAN TEKNIK ENERGI BIOMASSA
LAMPIRAN III,829,VI.57,CAPAIAN PEMBELAJARAN TEKNIK GEOMATIKA
LAMPIRAN III,833,VI.58,CAPAIAN PEMBELAJARAN INFORMASI GEOSPASIAL
LAMPIRAN III,837,VI.59,CAPAIAN PEMBELAJARAN GEOLOGI PERTAMBANGAN
LAMPIRAN III,842,VI.60,CAPAIAN PEMBELAJARAN TEKNIK PRODUKSI MINYAK DAN GAS
LAMPIRAN III,846,VI.61,CAPAIAN PEMBELAJARAN TEKNIK PEMBORAN MINYAK DAN GAS
LAMPIRAN III,850,VI.62,"CAPAIAN PEMBELAJARAN TEKNIK PENGOLAHAN MINYAK, GAS,"
LAMPIRAN III,855,VI.63,CAPAIAN PEMBELAJARAN REKAYASA PERANGKAT LUNAK
LAMPIRAN III,859,VI.64,CAPAIAN PEMBELAJARAN PENGEMBANGAN GIM
LAMPIRAN III,863,VI.65,"CAPAIAN PEMBELAJARAN SISTEM INFORMASI, JARINGAN, DAN"
LAMPIRAN III,869,VI.66,CAPAIAN PEMBELAJARAN TEKNIK KOMPUTER DAN JARINGAN
LAMPIRAN III,875,VI.67,CAPAIAN PEMBELAJARAN TEKNIK JARINGAN AKSES
LAMPIRAN III,879,VI.68,CAPAIAN PEMBELAJARAN TEKNIK TRANSMISI TELEKOMUNIKASI
LAMPIRAN III,882,VI.69,CAPAIAN PEMBELAJARAN LAYANAN PENUNJANG KEPERAWATAN
LAMPIRAN III,887,VI.70,CAPAIAN PEMBELAJARAN LAYANAN PENUNJANG DENTAL CARE
LAMPIRAN III,891,VI.71,CAPAIAN PEMBELAJARAN LAYANAN PENUNJANG LABORATORIUM
LAMPIRAN III,895,VI.72,CAPAIAN PEMBELAJARAN LAYANAN PENUNJANG KEFARMASIAN
LAMPIRAN III,898,VI.73,CAPAIAN PEMBELAJARAN FARMASI INDUSTRI
LAMPIRAN III,901,VI.74,CAPAIAN PEMBELAJARAN PEKERJAAN SOSIAL
LAMPIRAN III,908,VI.75,CAPAIAN PEMBELAJARAN AGRIBISNIS TANAMAN PERKEBUNAN
LAMPIRAN III,914,VI.76,CAPAIAN PEMBELAJARAN AGRIBISNIS TANAMAN PANGAN DAN
LAMPIRAN III,919,VI.77,CAPAIAN PEMBELAJARAN AGRIBISNIS PERBENIHAN TANAMAN
LAMPIRAN III,923,VI.78,CAPAIAN PEMBELAJARAN AGRIBISNIS LANSKAP DAN
LAMPIRAN III,927,VI.79,CAPAIAN PEMBELAJARAN AGRIBISNIS TERNAK RUMINANSIA
LAMPIRAN III,932,VI.80,CAPAIAN PEMBELAJARAN AGRIBISNIS TERNAK UNGGAS
LAMPIRAN III,936,VI.81,CAPAIAN PEMBELAJARAN KESEHATAN HEWAN
LAMPIRAN III,940,VI.82,CAPAIAN PEMBELAJARAN AGRIBISNIS IKAN HIAS
LAMPIRAN III,945,VI.83,CAPAIAN PEMBELAJARAN AGRIBISNIS PERIKANAN PAYAU DAN
LAMPIRAN III,954,VI.84,CAPAIAN PEMBELAJARAN AGRIBISNIS PERIKANAN AIR TAWAR
LAMPIRAN III,961,VI.85,CAPAIAN PEMBELAJARAN AGRIBISNIS RUMPUT LAUT
LAMPIRAN III,969,VI.86,CAPAIAN PEMBELAJARAN USAHA PERTANIAN TERPADU
LAMPIRAN III,974,VI.87,CAPAIAN PEMBELAJARAN MEKANISASI PERTANIAN
LAMPIRAN III,978,VI.88,CAPAIAN PEMBELAJARAN AGRIBISNIS PENGOLAHAN HASIL
LAMPIRAN III,982,VI.89,CAPAIAN PEMBELAJARAN AGRIBISNIS PENGOLAHAN HASIL
LAMPIRAN III,987,VI.90,CAPAIAN PEMBELAJARAN PENGAWASAN MUTU HASIL PERTANIAN
LAMPIRAN III,992,VI.91,CAPAIAN PEMBELAJARAN KEHUTANAN
LAMPIRAN III,998,VI.92,CAPAIAN PEMBELAJARAN TEKNIKA KAPAL PENANGKAP IKAN
LAMPIRAN III,1003,VI.93,CAPAIAN PEMBELAJARAN NAUTIKA KAPAL PENANGKAP IKAN
LAMPIRAN III,1009,VI.94,CAPAIAN PEMBELAJARAN TEKNIKA KAPAL NIAGA
LAMPIRAN III,1016,VI.95,CAPAIAN PEMBELAJARAN NAUTIKA KAPAL NIAGA
LAMPIRAN III,1024,VI.96,CAPAIAN PEMBELAJARAN BISNIS DIGITAL
LAMPIRAN III,1028,VI.97,CAPAIAN PEMBELAJARAN BISNIS RITEL
LAMPIRAN III,1033,VI.98,CAPAIAN PEMBELAJARAN MANAJEMEN PERKANTORAN
LAMPIRAN III,1037,VI.99,CAPAIAN PEMBELAJARAN MANAJEMEN LOGISTIK
LAMPIRAN III,1043,VI.100,CAPAIAN PEMBELAJARAN LAYANAN PERBANKAN
LAMPIRAN III,1049,VI.101,CAPAIAN PEMBELAJARAN LAYANAN PERBANKAN SYARIAH
LAMPIRAN III,1054,VI.102,CAPAIAN PEMBELAJARAN AKUNTANSI
LAMPIRAN III,1059,VI.103,CAPAIAN PEMBELAJARAN USAHA LAYANAN WISATA
LAMPIRAN III,1064,VI.104,CAPAIAN PEMBELAJARAN EKOWISATA
LAMPIRAN III,1070,VI.105,CAPAIAN PEMBELAJARAN PERHOTELAN
LAMPIRAN III,1073,VI.106,CAPAIAN PEMBELAJARAN KULINER
LAMPIRAN III,1078,VI.107,CAPAIAN PEMBELAJARAN TATA KECANTIKAN KULIT DAN RAMBUT
LAMPIRAN III,1086,VI.108,CAPAIAN PEMBELAJARAN SPA DAN BEAUTY THERAPY
LAMPIRAN III,1091,VI.109,CAPAIAN PEMBELAJARAN SENI LUKIS
LAMPIRAN III,1096,VI.110,CAPAIAN PEMBELAJARAN SENI PATUNG
LAMPIRAN III,1101,VI.111,CAPAIAN PEMBELAJARAN DESAIN KOMUNIKASI VISUAL
LAMPIRAN III,1107,VI.112,CAPAIAN PEMBELAJARAN TEKNIK GRAFIKA
LAMPIRAN III,1112,VI.113,CAPAIAN PEMBELAJARAN KRIYA KREATIF BATIK DAN TEKSTIL
LAMPIRAN III,1119,VI.114,CAPAIAN PEMBELAJARAN KRIYA KREATIF KULIT DAN IMITASI
LAMPIRAN III,1123,VI.115,CAPAIAN PEMBELAJARAN KRIYA KERAMIK
LAMPIRAN III,1128,VI.116,CAPAIAN PEMBELAJARAN KRIYA KREATIF LOGAM DAN
LAMPIRAN III,1133,VI.117,CAPAIAN PEMBELAJARAN KRIYA KREATIF KAYU DAN ROTAN
LAMPIRAN III,1137,VI.118,CAPAIAN PEMBELAJARAN SENI MUSIK
LAMPIRAN III,1142,VI.119,CAPAIAN PEMBELAJARAN SENI TARI
LAMPIRAN III,1146,VI.120,CAPAIAN PEMBELAJARAN SENI KARAWITAN
LAMPIRAN III,1150,VI.121,CAPAIAN PEMBELAJARAN SENI PEDALANGAN
LAMPIRAN III,1154,VI.122,CAPAIAN PEMBELAJARAN SENI TEATER
LAMPIRAN III,1157,VI.123,CAPAIAN PEMBELAJARAN TATA ARTISTIK TEATER
LAMPIRAN III,1160,VI.124,CAPAIAN PEMBELAJARAN PRODUKSI DAN SIARAN PROGRAM
LAMPIRAN III,1165,VI.125,CAPAIAN PEMBELAJARAN PRODUKSI DAN SIARAN PROGRAM
LAMPIRAN III,1170,VI.126,CAPAIAN PEMBELAJARAN PRODUKSI FILM
LAMPIRAN III,1174,VI.127,CAPAIAN PEMBELAJARAN ANIMASI
LAMPIRAN III,1178,VI.128,CAPAIAN PEMBELAJARAN DESAIN DAN PRODUKSI BUSANA
LAMPIRAN III,1183,VII,"CAPAIAN PEMBELAJARAN KREATIVITAS, INOVASI, DAN"
LAMPIRAN III,1186,VIII,CAPAIAN PEMBELAJARAN MATA PELAJARAN PILIHAN SMK/MAK
LAMPIRAN III,1187,IX,CAPAIAN PEMBELAJARAN PRAKTIK KERJA LAPANGAN
LAMPIRAN IV,1191,I,CAPAIAN PEMBELAJARAN MUATAN PEMBERDAYAAN
LAMPIRAN IV,1203,II,CAPAIAN PEMBELAJARAN MUATAN KETERAMPILAN ROBOTIKA
LAMPIRAN IV,1219,IV,CAPAIAN PEMBELAJARAN MUATAN KETERAMPILAN PERTANIAN
LAMPIRAN IV,1229,V,CAPAIAN PEMBELAJARAN MUATAN KETERAMPILAN BARISTA
LAMPIRAN IV,1237,VI,CAPAIAN PEMBELAJARAN MUATAN KETERAMPILAN PERIKANAN
LAMPIRAN IV,1246,VII,CAPAIAN PEMBELAJARAN MUATAN KETERAMPILAN TATA BOGA
LAMPIRAN IV,1254,VIII,CAPAIAN PEMBELAJARAN MUATAN KETERAMPILAN TATA BUSANA
LAMPIRAN IV,1262,IX,CAPAIAN PEMBELAJARAN MUATAN KETERAMPILAN KOMPUTER
LAMPIRAN IV,1270,X,CAPAIAN PEMBELAJARAN MUATAN KETERAMPILAN KREATOR
LAMPIRAN IV,1279,XI,CAPAIAN PEMBELAJARAN MUATAN KETERAMPILAN KODING DAN
LAMPIRAN V,1288,I.1,CAPAIAN PEMBELAJARAN PENDIDIKAN KHUSUS PENDIDIKAN
LAMPIRAN V,1295,I.2,CAPAIAN PEMBELAJARAN PENDIDIKAN KHUSUS PENDIDIKAN
LAMPIRAN V,1306,I.3,CAPAIAN PEMBELAJARAN PENDIDIKAN KHUSUS PENDIDIKAN
LAMPIRAN V,1313,I.4,CAPAIAN PEMBELAJARAN PENDIDIKAN KHUSUS PENDIDIKAN
LAMPIRAN V,1320,I.5,CAPAIAN PEMBELAJARAN PENDIDIKAN KHUSUS PENDIDIKAN
LAMPIRAN V,1327,I.6,CAPAIAN PEMBELAJARAN PENDIDIKAN KHUSUS PENDIDIKAN
LAMPIRAN V,1333,II,CAPAIAN PEMBELAJARAN PENDIDIKAN KHUSUS PENDIDIKAN
LAMPIRAN V,1344,III,CAPAIAN PEMBELAJARAN PENDIDIKAN KHUSUS BAHASA
LAMPIRAN V,1354,IV,CAPAIAN PEMBELAJARAN PENDIDIKAN KHUSUS MATEMATIKA
LAMPIRAN V,1364,V,CAPAIAN PEMBELAJARAN PENDIDIKAN KHUSUS BAHASA INGGRIS
LAMPIRAN V,1373,VI,CAPAIAN PEMBELAJARAN PENDIDIKAN KHUSUS ILMU
LAMPIRAN V,1379,VII,CAPAIAN PEMBELAJARAN PENDIDIKAN KHUSUS ILMU
LAMPIRAN V,1389,VIII,CAPAIAN PEMBELAJARAN PENDIDIKAN KHUSUS ILMU
LAMPIRAN V,1399,IX.1,CAPAIAN PEMBELAJARAN PENDIDIKAN KHUSUS SENI MUSIK
LAMPIRAN V,1410,IX.2,CAPAIAN PEMBELAJARAN PENDIDIKAN KHUSUS SENI RUPA
LAMPIRAN V,1421,IX.3,CAPAIAN PEMBELAJARAN PENDIDIKAN KHUSUS SENI TARI
LAMPIRAN V,1430,IX.4,CAPAIAN PEMBELAJARAN PENDIDIKAN KHUSUS SENI TEATER
LAMPIRAN V,1592,XXXI,CAPAIAN PEMBELAJARAN PENDIDIKAN KHUSUS KETERAMPILAN
LAMPIRAN V,1599,XXXII.1,CAPAIAN PEMBELAJARAN FASE FONDASI PROGRAM KEBUTUHAN
LAMPIRAN V,1602,XXXII.2,CAPAIAN PEMBELAJARAN FASE FONDASI PROGRAM KEBUTUHAN
LAMPIRAN V,1606,XXII.3,CAPAIAN PEMBELAJARAN FASE FONDASI PROGRAM KEBUTUHAN
LAMPIRAN V,1613,XXXII.5,CAPAIAN PEMBELAJARAN FASE FONDASI PROGRAM KEBUTUHAN
LAMPIRAN V,1616,XXXIII.1,CAPAIAN PEMBELAJARAN PROGRAM KEBUTUHAN KHUSUS
LAMPIRAN V,1631,XXXIII.2,CAPAIAN PEMBELAJARAN PROGRAM KEBUTUHAN KHUSUS
LAMPIRAN V,1650,XXXIII.3,CAPAIAN PEMBELAJARAN PROGRAM KEBUTUHAN KHUSUS
LAMPIRAN V,1664,XXXIII.4,CAPAIAN PEMBELAJARAN PROGRAM KEBUTUHAN KHUSUS
LAMPIRAN V,1679,XXXIII.5,CAPAIAN PEMBELAJARAN PROGRAM KEBUTUHAN KHUSUS
